<?xml version="1.0" encoding="UTF-8"?>
<GenRun Id="synth_1" LaunchPart="xc7a35tcpg236-1" LaunchTime="1686498264">
  <File Type="PA-TCL" Name="Microprocessor.tcl"/>
  <File Type="RDS-PROPCONSTRS" Name="Microprocessor_drc_synth.rpt"/>
  <File Type="REPORTS-TCL" Name="Microprocessor_reports.tcl"/>
  <File Type="RDS-RDS" Name="Microprocessor.vds"/>
  <File Type="RDS-UTIL" Name="Microprocessor_utilization_synth.rpt"/>
  <File Type="RDS-UTIL-PB" Name="Microprocessor_utilization_synth.pb"/>
  <File Type="RDS-DCP" Name="Microprocessor.dcp"/>
  <File Type="VDS-TIMINGSUMMARY" Name="Microprocessor_timing_summary_synth.rpt"/>
  <File Type="VDS-TIMING-PB" Name="Microprocessor_timing_summary_synth.pb"/>
  <FileSet Name="sources" Type="DesignSrcs" RelSrcDir="$PSRCDIR/sources_1">
    <Filter Type="Srcs"/>
    <File Path="$PSRCDIR/sources_1/new/Add_3bit.vhd">
      <FileInfo>
        <Attr Name="ImportPath" Val="$PPRDIR/../../../newNewNewMicro/newMicro/newMicro.srcs/sources_1/new/Add_3bit.vhd"/>
        <Attr Name="ImportTime" Val="1686496747"/>
        <Attr Name="UsedIn" Val="synthesis"/>
        <Attr Name="UsedIn" Val="simulation"/>
      </FileInfo>
    </File>
    <File Path="$PSRCDIR/sources_1/new/Add_Sub_4bit.vhd">
      <FileInfo>
        <Attr Name="ImportPath" Val="$PPRDIR/../../../newNewNewMicro/MicroProcessor/MicroProcessor.srcs/sources_1/new/Add_Sub_4bit.vhd"/>
        <Attr Name="ImportTime" Val="1686490929"/>
        <Attr Name="UsedIn" Val="synthesis"/>
        <Attr Name="UsedIn" Val="simulation"/>
      </FileInfo>
    </File>
    <File Path="$PSRCDIR/sources_1/new/Decoder_2_to_4.vhd">
      <FileInfo>
        <Attr Name="ImportPath" Val="$PPRDIR/../../../newNewNewMicro/project_1/project_1.srcs/sources_1/new/Decoder_2_to_4.vhd"/>
        <Attr Name="ImportTime" Val="1686491862"/>
        <Attr Name="UsedIn" Val="synthesis"/>
        <Attr Name="UsedIn" Val="simulation"/>
      </FileInfo>
    </File>
    <File Path="$PSRCDIR/sources_1/new/Decoder_3_to_8.vhd">
      <FileInfo>
        <Attr Name="ImportPath" Val="$PPRDIR/../../../newNewNewMicro/project_1/project_1.srcs/sources_1/new/Decoder_3_to_8.vhd"/>
        <Attr Name="ImportTime" Val="1686491792"/>
        <Attr Name="UsedIn" Val="synthesis"/>
        <Attr Name="UsedIn" Val="simulation"/>
      </FileInfo>
    </File>
    <File Path="$PSRCDIR/sources_1/new/FA.vhd">
      <FileInfo>
        <Attr Name="ImportPath" Val="$PPRDIR/../../../newNewNewMicro/project_1/project_1.srcs/sources_1/new/FA.vhd"/>
        <Attr Name="ImportTime" Val="1686491647"/>
        <Attr Name="UsedIn" Val="synthesis"/>
        <Attr Name="UsedIn" Val="simulation"/>
      </FileInfo>
    </File>
    <File Path="$PSRCDIR/sources_1/new/HA.vhd">
      <FileInfo>
        <Attr Name="ImportPath" Val="$PPRDIR/../../../newNewNewMicro/project_1/project_1.srcs/sources_1/new/HA.vhd"/>
        <Attr Name="ImportTime" Val="1686491690"/>
        <Attr Name="UsedIn" Val="synthesis"/>
        <Attr Name="UsedIn" Val="simulation"/>
      </FileInfo>
    </File>
    <File Path="$PSRCDIR/sources_1/new/Instruction_Decoder.vhd">
      <FileInfo>
        <Attr Name="ImportPath" Val="$PPRDIR/../../../newNewNewMicro/MicroProcessor/MicroProcessor.srcs/sources_1/new/Instruction_Decoder.vhd"/>
        <Attr Name="ImportTime" Val="1686490929"/>
        <Attr Name="UsedIn" Val="synthesis"/>
        <Attr Name="UsedIn" Val="simulation"/>
      </FileInfo>
    </File>
    <File Path="$PSRCDIR/sources_1/new/LUT_16_7.vhd">
      <FileInfo>
        <Attr Name="ImportPath" Val="$PPRDIR/../../../newNewNewMicro/project_1/project_1.srcs/sources_1/new/LUT_16_7.vhd"/>
        <Attr Name="ImportTime" Val="1686491520"/>
        <Attr Name="UsedIn" Val="synthesis"/>
        <Attr Name="UsedIn" Val="simulation"/>
      </FileInfo>
    </File>
    <File Path="$PSRCDIR/sources_1/new/MUX_2_to_1_3bit.vhd">
      <FileInfo>
        <Attr Name="ImportPath" Val="$PPRDIR/../../../newNewNewMicro/MicroProcessor/MicroProcessor.srcs/sources_1/new/MUX_2_to_1_3bit.vhd"/>
        <Attr Name="ImportTime" Val="1686490929"/>
        <Attr Name="UsedIn" Val="synthesis"/>
        <Attr Name="UsedIn" Val="simulation"/>
      </FileInfo>
    </File>
    <File Path="$PSRCDIR/sources_1/new/MUX_2_to_1_4bit.vhd">
      <FileInfo>
        <Attr Name="ImportPath" Val="$PPRDIR/../../../newNewNewMicro/MicroProcessor/MicroProcessor.srcs/sources_1/new/MUX_2_to_1_4bit.vhd"/>
        <Attr Name="ImportTime" Val="1686490929"/>
        <Attr Name="UsedIn" Val="synthesis"/>
        <Attr Name="UsedIn" Val="simulation"/>
      </FileInfo>
    </File>
    <File Path="$PSRCDIR/sources_1/new/MUX_8_to_1_4bit.vhd">
      <FileInfo>
        <Attr Name="ImportPath" Val="$PPRDIR/../../../newNewNewMicro/newMicro/newMicro.srcs/sources_1/new/MUX_8_to_1_4bit.vhd"/>
        <Attr Name="ImportTime" Val="1686496748"/>
        <Attr Name="UsedIn" Val="synthesis"/>
        <Attr Name="UsedIn" Val="simulation"/>
      </FileInfo>
    </File>
    <File Path="$PSRCDIR/sources_1/new/Program_Counter.vhd">
      <FileInfo>
        <Attr Name="ImportPath" Val="$PPRDIR/../../../newNewNewMicro/MicroProcessor/MicroProcessor.srcs/sources_1/new/Program_Counter.vhd"/>
        <Attr Name="ImportTime" Val="1686490929"/>
        <Attr Name="UsedIn" Val="synthesis"/>
        <Attr Name="UsedIn" Val="simulation"/>
      </FileInfo>
    </File>
    <File Path="$PSRCDIR/sources_1/new/ROM.vhd">
      <FileInfo>
        <Attr Name="ImportPath" Val="$PPRDIR/../../../newNewNewMicro/MicroProcessor/MicroProcessor.srcs/sources_1/new/ROM.vhd"/>
        <Attr Name="ImportTime" Val="1686490929"/>
        <Attr Name="UsedIn" Val="synthesis"/>
        <Attr Name="UsedIn" Val="simulation"/>
      </FileInfo>
    </File>
    <File Path="$PSRCDIR/sources_1/new/Reg.vhd">
      <FileInfo>
        <Attr Name="ImportPath" Val="$PPRDIR/../../../newNewNewMicro/project_1/project_1.srcs/sources_1/new/Reg.vhd"/>
        <Attr Name="ImportTime" Val="1686492029"/>
        <Attr Name="UsedIn" Val="synthesis"/>
        <Attr Name="UsedIn" Val="simulation"/>
      </FileInfo>
    </File>
    <File Path="$PSRCDIR/sources_1/new/Reg_Bank.vhd">
      <FileInfo>
        <Attr Name="ImportPath" Val="$PPRDIR/../../../newNewNewMicro/MicroProcessor/MicroProcessor.srcs/sources_1/new/Reg_Bank.vhd"/>
        <Attr Name="ImportTime" Val="1686490929"/>
        <Attr Name="UsedIn" Val="synthesis"/>
        <Attr Name="UsedIn" Val="simulation"/>
      </FileInfo>
    </File>
    <File Path="$PSRCDIR/sources_1/new/Slow_Clk.vhd">
      <FileInfo>
        <Attr Name="ImportPath" Val="$PPRDIR/../../../newNewNewMicro/project_1/project_1.srcs/sources_1/new/Slow_Clk.vhd"/>
        <Attr Name="ImportTime" Val="1686491440"/>
        <Attr Name="UsedIn" Val="synthesis"/>
        <Attr Name="UsedIn" Val="simulation"/>
      </FileInfo>
    </File>
    <File Path="$PSRCDIR/sources_1/new/Microprocessor.vhd">
      <FileInfo>
        <Attr Name="ImportPath" Val="$PPRDIR/../../../newNewNewMicro/MicroProcessor/MicroProcessor.srcs/sources_1/new/Microprocessor.vhd"/>
        <Attr Name="ImportTime" Val="1686490929"/>
        <Attr Name="UsedIn" Val="synthesis"/>
        <Attr Name="UsedIn" Val="simulation"/>
      </FileInfo>
    </File>
    <Config>
      <Option Name="DesignMode" Val="RTL"/>
      <Option Name="TopModule" Val="Microprocessor"/>
      <Option Name="TopAutoSet" Val="TRUE"/>
    </Config>
  </FileSet>
  <FileSet Name="constrs_in" Type="Constrs" RelSrcDir="$PSRCDIR/constrs_1">
    <Filter Type="Constrs"/>
    <File Path="$PSRCDIR/constrs_1/new/Constraints.xdc">
      <FileInfo>
        <Attr Name="ImportPath" Val="$PPRDIR/../../../newNewNewMicro/MicroProcessor/MicroProcessor.srcs/constrs_1/new/Constraints.xdc"/>
        <Attr Name="ImportTime" Val="1686490928"/>
        <Attr Name="UsedIn" Val="synthesis"/>
        <Attr Name="UsedIn" Val="implementation"/>
      </FileInfo>
    </File>
    <Config>
      <Option Name="ConstrsType" Val="XDC"/>
    </Config>
  </FileSet>
  <Strategy Version="1" Minor="2">
    <StratHandle Name="Vivado Synthesis Defaults" Flow="Vivado Synthesis 2018"/>
    <Step Id="synth_design"/>
  </Strategy>
</GenRun>
