<?xml version="1.0" encoding="UTF-8"?>
<GenRun Id="impl_1" LaunchPart="xc7a35tcpg236-1" LaunchTime="1686498334">
  <File Type="BITSTR-BMM" Name="Microprocessor_bd.bmm"/>
  <File Type="OPT-METHODOLOGY-DRC" Name="Microprocessor_methodology_drc_opted.rpt"/>
  <File Type="INIT-TIMING" Name="Microprocessor_timing_summary_init.rpt"/>
  <File Type="ROUTE-PWR" Name="Microprocessor_power_routed.rpt"/>
  <File Type="PA-TCL" Name="Microprocessor.tcl"/>
  <File Type="OPT-TIMING" Name="Microprocessor_timing_summary_opted.rpt"/>
  <File Type="OPT-DCP" Name="Microprocessor_opt.dcp"/>
  <File Type="ROUTE-PWR-SUM" Name="Microprocessor_power_summary_routed.pb"/>
  <File Type="REPORTS-TCL" Name="Microprocessor_reports.tcl"/>
  <File Type="OPT-DRC" Name="Microprocessor_drc_opted.rpt"/>
  <File Type="OPT-HWDEF" Name="Microprocessor.hwdef"/>
  <File Type="PWROPT-DCP" Name="Microprocessor_pwropt.dcp"/>
  <File Type="PWROPT-DRC" Name="Microprocessor_drc_pwropted.rpt"/>
  <File Type="PWROPT-TIMING" Name="Microprocessor_timing_summary_pwropted.rpt"/>
  <File Type="PLACE-DCP" Name="Microprocessor_placed.dcp"/>
  <File Type="PLACE-IO" Name="Microprocessor_io_placed.rpt"/>
  <File Type="PLACE-CLK" Name="Microprocessor_clock_utilization_placed.rpt"/>
  <File Type="PLACE-UTIL" Name="Microprocessor_utilization_placed.rpt"/>
  <File Type="PLACE-UTIL-PB" Name="Microprocessor_utilization_placed.pb"/>
  <File Type="PLACE-CTRL" Name="Microprocessor_control_sets_placed.rpt"/>
  <File Type="PLACE-SIMILARITY" Name="Microprocessor_incremental_reuse_placed.rpt"/>
  <File Type="PLACE-PRE-SIMILARITY" Name="Microprocessor_incremental_reuse_pre_placed.rpt"/>
  <File Type="BG-BGN" Name="Microprocessor.bgn"/>
  <File Type="PLACE-TIMING" Name="Microprocessor_timing_summary_placed.rpt"/>
  <File Type="POSTPLACE-PWROPT-DCP" Name="Microprocessor_postplace_pwropt.dcp"/>
  <File Type="BG-BIN" Name="Microprocessor.bin"/>
  <File Type="POSTPLACE-PWROPT-TIMING" Name="Microprocessor_timing_summary_postplace_pwropted.rpt"/>
  <File Type="PHYSOPT-DCP" Name="Microprocessor_physopt.dcp"/>
  <File Type="PHYSOPT-DRC" Name="Microprocessor_drc_physopted.rpt"/>
  <File Type="BITSTR-MSK" Name="Microprocessor.msk"/>
  <File Type="PHYSOPT-TIMING" Name="Microprocessor_timing_summary_physopted.rpt"/>
  <File Type="ROUTE-ERROR-DCP" Name="Microprocessor_routed_error.dcp"/>
  <File Type="ROUTE-DCP" Name="Microprocessor_routed.dcp"/>
  <File Type="ROUTE-BLACKBOX-DCP" Name="Microprocessor_routed_bb.dcp"/>
  <File Type="ROUTE-DRC" Name="Microprocessor_drc_routed.rpt"/>
  <File Type="ROUTE-DRC-PB" Name="Microprocessor_drc_routed.pb"/>
  <File Type="BITSTR-LTX" Name="debug_nets.ltx"/>
  <File Type="BITSTR-LTX" Name="Microprocessor.ltx"/>
  <File Type="ROUTE-DRC-RPX" Name="Microprocessor_drc_routed.rpx"/>
  <File Type="BITSTR-MMI" Name="Microprocessor.mmi"/>
  <File Type="ROUTE-METHODOLOGY-DRC" Name="Microprocessor_methodology_drc_routed.rpt"/>
  <File Type="ROUTE-METHODOLOGY-DRC-RPX" Name="Microprocessor_methodology_drc_routed.rpx"/>
  <File Type="BITSTR-SYSDEF" Name="Microprocessor.sysdef"/>
  <File Type="ROUTE-METHODOLOGY-DRC-PB" Name="Microprocessor_methodology_drc_routed.pb"/>
  <File Type="ROUTE-PWR-RPX" Name="Microprocessor_power_routed.rpx"/>
  <File Type="ROUTE-STATUS" Name="Microprocessor_route_status.rpt"/>
  <File Type="ROUTE-STATUS-PB" Name="Microprocessor_route_status.pb"/>
  <File Type="ROUTE-TIMINGSUMMARY" Name="Microprocessor_timing_summary_routed.rpt"/>
  <File Type="ROUTE-TIMING-PB" Name="Microprocessor_timing_summary_routed.pb"/>
  <File Type="ROUTE-TIMING-RPX" Name="Microprocessor_timing_summary_routed.rpx"/>
  <File Type="ROUTE-SIMILARITY" Name="Microprocessor_incremental_reuse_routed.rpt"/>
  <File Type="ROUTE-CLK" Name="Microprocessor_clock_utilization_routed.rpt"/>
  <File Type="ROUTE-BUS-SKEW" Name="Microprocessor_bus_skew_routed.rpt"/>
  <File Type="ROUTE-BUS-SKEW-PB" Name="Microprocessor_bus_skew_routed.pb"/>
  <File Type="ROUTE-BUS-SKEW-RPX" Name="Microprocessor_bus_skew_routed.rpx"/>
  <File Type="POSTROUTE-PHYSOPT-DCP" Name="Microprocessor_postroute_physopt.dcp"/>
  <File Type="POSTROUTE-PHYSOPT-BLACKBOX-DCP" Name="Microprocessor_postroute_physopt_bb.dcp"/>
  <File Type="POSTROUTE-PHYSOPT-TIMING" Name="Microprocessor_timing_summary_postroute_physopted.rpt"/>
  <File Type="POSTROUTE-PHYSOPT-TIMING-PB" Name="Microprocessor_timing_summary_postroute_physopted.pb"/>
  <File Type="POSTROUTE-PHYSOPT-TIMING-RPX" Name="Microprocessor_timing_summary_postroute_physopted.rpx"/>
  <File Type="POSTROUTE-PHYSOPT-BUS-SKEW" Name="Microprocessor_bus_skew_postroute_physopted.rpt"/>
  <File Type="POSTROUTE-PHYSOPT-BUS-SKEW-PB" Name="Microprocessor_bus_skew_postroute_physopted.pb"/>
  <File Type="BG-BIT" Name="Microprocessor.bit"/>
  <File Type="POSTROUTE-PHYSOPT-BUS-SKEW-RPX" Name="Microprocessor_bus_skew_postroute_physopted.rpx"/>
  <File Type="BITSTR-RBT" Name="Microprocessor.rbt"/>
  <File Type="BITSTR-NKY" Name="Microprocessor.nky"/>
  <File Type="BG-DRC" Name="Microprocessor.drc"/>
  <File Type="RDI-RDI" Name="Microprocessor.vdi"/>
  <File Type="WBT-USG" Name="usage_statistics_webtalk.html"/>
  <FileSet Name="sources" Type="DesignSrcs" RelSrcDir="$PSRCDIR/sources_1">
    <Filter Type="Srcs"/>
    <File Path="$PSRCDIR/sources_1/new/Add_3bit.vhd">
      <FileInfo>
        <Attr Name="ImportPath" Val="$PPRDIR/../../../newNewNewMicro/newMicro/newMicro.srcs/sources_1/new/Add_3bit.vhd"/>
        <Attr Name="ImportTime" Val="1686496747"/>
        <Attr Name="UsedIn" Val="synthesis"/>
        <Attr Name="UsedIn" Val="simulation"/>
      </FileInfo>
    </File>
    <File Path="$PSRCDIR/sources_1/new/Add_Sub_4bit.vhd">
      <FileInfo>
        <Attr Name="ImportPath" Val="$PPRDIR/../../../newNewNewMicro/MicroProcessor/MicroProcessor.srcs/sources_1/new/Add_Sub_4bit.vhd"/>
        <Attr Name="ImportTime" Val="1686490929"/>
        <Attr Name="UsedIn" Val="synthesis"/>
        <Attr Name="UsedIn" Val="simulation"/>
      </FileInfo>
    </File>
    <File Path="$PSRCDIR/sources_1/new/Decoder_2_to_4.vhd">
      <FileInfo>
        <Attr Name="ImportPath" Val="$PPRDIR/../../../newNewNewMicro/project_1/project_1.srcs/sources_1/new/Decoder_2_to_4.vhd"/>
        <Attr Name="ImportTime" Val="1686491862"/>
        <Attr Name="UsedIn" Val="synthesis"/>
        <Attr Name="UsedIn" Val="simulation"/>
      </FileInfo>
    </File>
    <File Path="$PSRCDIR/sources_1/new/Decoder_3_to_8.vhd">
      <FileInfo>
        <Attr Name="ImportPath" Val="$PPRDIR/../../../newNewNewMicro/project_1/project_1.srcs/sources_1/new/Decoder_3_to_8.vhd"/>
        <Attr Name="ImportTime" Val="1686491792"/>
        <Attr Name="UsedIn" Val="synthesis"/>
        <Attr Name="UsedIn" Val="simulation"/>
      </FileInfo>
    </File>
    <File Path="$PSRCDIR/sources_1/new/FA.vhd">
      <FileInfo>
        <Attr Name="ImportPath" Val="$PPRDIR/../../../newNewNewMicro/project_1/project_1.srcs/sources_1/new/FA.vhd"/>
        <Attr Name="ImportTime" Val="1686491647"/>
        <Attr Name="UsedIn" Val="synthesis"/>
        <Attr Name="UsedIn" Val="simulation"/>
      </FileInfo>
    </File>
    <File Path="$PSRCDIR/sources_1/new/HA.vhd">
      <FileInfo>
        <Attr Name="ImportPath" Val="$PPRDIR/../../../newNewNewMicro/project_1/project_1.srcs/sources_1/new/HA.vhd"/>
        <Attr Name="ImportTime" Val="1686491690"/>
        <Attr Name="UsedIn" Val="synthesis"/>
        <Attr Name="UsedIn" Val="simulation"/>
      </FileInfo>
    </File>
    <File Path="$PSRCDIR/sources_1/new/Instruction_Decoder.vhd">
      <FileInfo>
        <Attr Name="ImportPath" Val="$PPRDIR/../../../newNewNewMicro/MicroProcessor/MicroProcessor.srcs/sources_1/new/Instruction_Decoder.vhd"/>
        <Attr Name="ImportTime" Val="1686490929"/>
        <Attr Name="UsedIn" Val="synthesis"/>
        <Attr Name="UsedIn" Val="simulation"/>
      </FileInfo>
    </File>
    <File Path="$PSRCDIR/sources_1/new/LUT_16_7.vhd">
      <FileInfo>
        <Attr Name="ImportPath" Val="$PPRDIR/../../../newNewNewMicro/project_1/project_1.srcs/sources_1/new/LUT_16_7.vhd"/>
        <Attr Name="ImportTime" Val="1686491520"/>
        <Attr Name="UsedIn" Val="synthesis"/>
        <Attr Name="UsedIn" Val="simulation"/>
      </FileInfo>
    </File>
    <File Path="$PSRCDIR/sources_1/new/MUX_2_to_1_3bit.vhd">
      <FileInfo>
        <Attr Name="ImportPath" Val="$PPRDIR/../../../newNewNewMicro/MicroProcessor/MicroProcessor.srcs/sources_1/new/MUX_2_to_1_3bit.vhd"/>
        <Attr Name="ImportTime" Val="1686490929"/>
        <Attr Name="UsedIn" Val="synthesis"/>
        <Attr Name="UsedIn" Val="simulation"/>
      </FileInfo>
    </File>
    <File Path="$PSRCDIR/sources_1/new/MUX_2_to_1_4bit.vhd">
      <FileInfo>
        <Attr Name="ImportPath" Val="$PPRDIR/../../../newNewNewMicro/MicroProcessor/MicroProcessor.srcs/sources_1/new/MUX_2_to_1_4bit.vhd"/>
        <Attr Name="ImportTime" Val="1686490929"/>
        <Attr Name="UsedIn" Val="synthesis"/>
        <Attr Name="UsedIn" Val="simulation"/>
      </FileInfo>
    </File>
    <File Path="$PSRCDIR/sources_1/new/MUX_8_to_1_4bit.vhd">
      <FileInfo>
        <Attr Name="ImportPath" Val="$PPRDIR/../../../newNewNewMicro/newMicro/newMicro.srcs/sources_1/new/MUX_8_to_1_4bit.vhd"/>
        <Attr Name="ImportTime" Val="1686496748"/>
        <Attr Name="UsedIn" Val="synthesis"/>
        <Attr Name="UsedIn" Val="simulation"/>
      </FileInfo>
    </File>
    <File Path="$PSRCDIR/sources_1/new/Program_Counter.vhd">
      <FileInfo>
        <Attr Name="ImportPath" Val="$PPRDIR/../../../newNewNewMicro/MicroProcessor/MicroProcessor.srcs/sources_1/new/Program_Counter.vhd"/>
        <Attr Name="ImportTime" Val="1686490929"/>
        <Attr Name="UsedIn" Val="synthesis"/>
        <Attr Name="UsedIn" Val="simulation"/>
      </FileInfo>
    </File>
    <File Path="$PSRCDIR/sources_1/new/ROM.vhd">
      <FileInfo>
        <Attr Name="ImportPath" Val="$PPRDIR/../../../newNewNewMicro/MicroProcessor/MicroProcessor.srcs/sources_1/new/ROM.vhd"/>
        <Attr Name="ImportTime" Val="1686490929"/>
        <Attr Name="UsedIn" Val="synthesis"/>
        <Attr Name="UsedIn" Val="simulation"/>
      </FileInfo>
    </File>
    <File Path="$PSRCDIR/sources_1/new/Reg.vhd">
      <FileInfo>
        <Attr Name="ImportPath" Val="$PPRDIR/../../../newNewNewMicro/project_1/project_1.srcs/sources_1/new/Reg.vhd"/>
        <Attr Name="ImportTime" Val="1686492029"/>
        <Attr Name="UsedIn" Val="synthesis"/>
        <Attr Name="UsedIn" Val="simulation"/>
      </FileInfo>
    </File>
    <File Path="$PSRCDIR/sources_1/new/Reg_Bank.vhd">
      <FileInfo>
        <Attr Name="ImportPath" Val="$PPRDIR/../../../newNewNewMicro/MicroProcessor/MicroProcessor.srcs/sources_1/new/Reg_Bank.vhd"/>
        <Attr Name="ImportTime" Val="1686490929"/>
        <Attr Name="UsedIn" Val="synthesis"/>
        <Attr Name="UsedIn" Val="simulation"/>
      </FileInfo>
    </File>
    <File Path="$PSRCDIR/sources_1/new/Slow_Clk.vhd">
      <FileInfo>
        <Attr Name="ImportPath" Val="$PPRDIR/../../../newNewNewMicro/project_1/project_1.srcs/sources_1/new/Slow_Clk.vhd"/>
        <Attr Name="ImportTime" Val="1686491440"/>
        <Attr Name="UsedIn" Val="synthesis"/>
        <Attr Name="UsedIn" Val="simulation"/>
      </FileInfo>
    </File>
    <File Path="$PSRCDIR/sources_1/new/Microprocessor.vhd">
      <FileInfo>
        <Attr Name="ImportPath" Val="$PPRDIR/../../../newNewNewMicro/MicroProcessor/MicroProcessor.srcs/sources_1/new/Microprocessor.vhd"/>
        <Attr Name="ImportTime" Val="1686490929"/>
        <Attr Name="UsedIn" Val="synthesis"/>
        <Attr Name="UsedIn" Val="simulation"/>
      </FileInfo>
    </File>
    <Config>
      <Option Name="DesignMode" Val="RTL"/>
      <Option Name="TopModule" Val="Microprocessor"/>
      <Option Name="TopAutoSet" Val="TRUE"/>
    </Config>
  </FileSet>
  <FileSet Name="constrs_in" Type="Constrs" RelSrcDir="$PSRCDIR/constrs_1">
    <Filter Type="Constrs"/>
    <File Path="$PSRCDIR/constrs_1/new/Constraints.xdc">
      <FileInfo>
        <Attr Name="ImportPath" Val="$PPRDIR/../../../newNewNewMicro/MicroProcessor/MicroProcessor.srcs/constrs_1/new/Constraints.xdc"/>
        <Attr Name="ImportTime" Val="1686490928"/>
        <Attr Name="UsedIn" Val="synthesis"/>
        <Attr Name="UsedIn" Val="implementation"/>
      </FileInfo>
    </File>
    <Config>
      <Option Name="ConstrsType" Val="XDC"/>
    </Config>
  </FileSet>
  <Strategy Version="1" Minor="2">
    <StratHandle Name="Vivado Implementation Defaults" Flow="Vivado Implementation 2018"/>
    <Step Id="init_design"/>
    <Step Id="opt_design"/>
    <Step Id="power_opt_design"/>
    <Step Id="place_design"/>
    <Step Id="post_place_power_opt_design"/>
    <Step Id="phys_opt_design"/>
    <Step Id="route_design"/>
    <Step Id="post_route_phys_opt_design"/>
    <Step Id="write_bitstream"/>
  </Strategy>
</GenRun>
